{"cameraMode":{"drawMode":0,"name":"Shaded","section":"Shading Mode"},"sceneLighting":false,"audioPlay":false,"sceneViewState":{"showFog":true,"showMaterialUpdate":true,"showSkybox":true,"showFlares":true,"showImageEffects":true,"showParticleSystems":true},"in2DMode":false,"pivot":{"x":3.308201313018799,"y":-9.253995895385743,"z":207.10006713867188},"rotation":{"x":0.34994035959243777,"y":0.07799903303384781,"z":-0.029253270477056505,"w":0.9330606460571289},"size":22.425922393798829,"orthographic":false}