{"cameraMode":{"drawMode":0,"name":"Shaded","section":"Shading Mode"},"sceneLighting":false,"audioPlay":false,"sceneViewState":{"showFog":true,"showMaterialUpdate":false,"showSkybox":true,"showFlares":true,"showImageEffects":true,"showParticleSystems":true},"in2DMode":false,"pivot":{"x":14.899999618530274,"y":1.2999999523162842,"z":106.0},"rotation":{"x":0.008980488404631615,"y":-0.06595058739185333,"z":0.0005935245426371694,"w":0.997782289981842},"size":14.289420127868653,"orthographic":false}