{"cameraMode":{"drawMode":0,"name":"Shaded","section":"Shading Mode"},"sceneLighting":true,"audioPlay":false,"sceneViewState":{"showFog":true,"showMaterialUpdate":true,"showSkybox":true,"showFlares":true,"showImageEffects":true,"showParticleSystems":true},"in2DMode":false,"pivot":{"x":-1.5269925594329835,"y":1.035003900527954,"z":3.611508846282959},"rotation":{"x":-0.01612747274339199,"y":-0.08747383207082749,"z":-0.0014163318555802107,"w":0.9960352778434753},"size":6.004132270812988,"orthographic":false}