{"cameraMode":{"drawMode":0,"name":"Shaded","section":"Shading Mode"},"sceneLighting":false,"audioPlay":false,"sceneViewState":{"showFog":true,"showMaterialUpdate":false,"showSkybox":true,"showFlares":true,"showImageEffects":true,"showParticleSystems":true},"in2DMode":false,"pivot":{"x":29.10418701171875,"y":-5.369123458862305,"z":-33.194435119628909},"rotation":{"x":0.06658662110567093,"y":0.3010869324207306,"z":-0.021080348640680314,"w":0.9510355591773987},"size":50.04515075683594,"orthographic":false}