{"cameraMode":{"drawMode":0,"name":"Shaded","section":"Shading Mode"},"sceneLighting":false,"audioPlay":false,"sceneViewState":{"showFog":true,"showMaterialUpdate":false,"showSkybox":true,"showFlares":true,"showImageEffects":true,"showParticleSystems":true},"in2DMode":false,"pivot":{"x":0.8701105713844299,"y":0.23722176253795625,"z":98.21211242675781},"rotation":{"x":0.16352233290672303,"y":0.14971990883350373,"z":-0.02511569671332836,"w":0.974789023399353},"size":5.689453125,"orthographic":false}