{"cameraMode":{"drawMode":0,"name":"Shaded","section":"Shading Mode"},"sceneLighting":true,"audioPlay":false,"sceneViewState":{"showFog":true,"showMaterialUpdate":false,"showSkybox":true,"showFlares":true,"showImageEffects":true,"showParticleSystems":true},"in2DMode":false,"pivot":{"x":0.20867982506752015,"y":1.4711838960647584,"z":2.136232852935791},"rotation":{"x":0.03267424926161766,"y":-0.03806956857442856,"z":0.0012454173993319274,"w":0.9987399578094482},"size":2.1434128284454347,"orthographic":false}