{"cameraMode":{"drawMode":0,"name":"Shaded","section":"Shading Mode"},"sceneLighting":true,"audioPlay":false,"sceneViewState":{"showFog":true,"showMaterialUpdate":true,"showSkybox":true,"showFlares":true,"showImageEffects":true,"showParticleSystems":true},"in2DMode":false,"pivot":{"x":644.3860473632813,"y":255.40951538085938,"z":0.9659485816955566},"rotation":{"x":0.012309628538787365,"y":0.006900259293615818,"z":-0.00008506391168339178,"w":0.9999004602432251},"size":693.6875,"orthographic":false}