{"cameraMode":{"drawMode":0,"name":"Shaded","section":"Shading Mode"},"sceneLighting":false,"audioPlay":false,"sceneViewState":{"showFog":true,"showMaterialUpdate":true,"showSkybox":true,"showFlares":true,"showImageEffects":true,"showParticleSystems":true},"in2DMode":false,"pivot":{"x":648.3677368164063,"y":256.4024658203125,"z":0.024771757423877717},"rotation":{"x":0.030305564403533937,"y":-0.002098172204568982,"z":0.0000635035612503998,"w":0.9995384812355042},"size":711.3829345703125,"orthographic":false}