{"cameraMode":{"drawMode":0,"name":"Shaded","section":"Shading Mode"},"sceneLighting":false,"audioPlay":false,"sceneViewState":{"showFog":true,"showMaterialUpdate":true,"showSkybox":true,"showFlares":true,"showImageEffects":true,"showParticleSystems":true},"in2DMode":false,"pivot":{"x":648.3790893554688,"y":301.52215576171877,"z":2.763427734375},"rotation":{"x":0.030305564403533937,"y":-0.002098172204568982,"z":0.0000635035612503998,"w":0.9995384812355042},"size":570.8499755859375,"orthographic":false}