{"cameraMode":{"drawMode":0,"name":"Shaded","section":"Shading Mode"},"sceneLighting":false,"audioPlay":false,"sceneViewState":{"showFog":true,"showMaterialUpdate":true,"showSkybox":true,"showFlares":true,"showImageEffects":true,"showParticleSystems":true},"in2DMode":false,"pivot":{"x":2.4236772060394289,"y":5.439722537994385,"z":299.4161376953125},"rotation":{"x":0.10799293220043183,"y":-0.043824452906847,"z":0.0047653187066316608,"w":0.9931738376617432},"size":18.4979190826416,"orthographic":false}