{"cameraMode":{"drawMode":0,"name":"Shaded","section":"Shading Mode"},"sceneLighting":true,"audioPlay":false,"sceneViewState":{"showFog":true,"showMaterialUpdate":true,"showSkybox":true,"showFlares":true,"showImageEffects":true,"showParticleSystems":true},"in2DMode":false,"pivot":{"x":-0.10832566767930985,"y":1.113915205001831,"z":1.0196123123168946},"rotation":{"x":0.0287848599255085,"y":-0.0380721315741539,"z":0.001097160973586142,"w":0.9988597631454468},"size":2.1434128284454347,"orthographic":false}