{"cameraMode":{"drawMode":0,"name":"Shaded","section":"Shading Mode"},"sceneLighting":true,"audioPlay":false,"sceneViewState":{"showFog":true,"showMaterialUpdate":false,"showSkybox":true,"showFlares":true,"showImageEffects":true,"showParticleSystems":true},"in2DMode":false,"pivot":{"x":-0.7816810607910156,"y":0.7815338373184204,"z":2.4139811992645265},"rotation":{"x":0.06204691901803017,"y":-0.14056414365768434,"z":0.00882780086249113,"w":0.9880860447883606},"size":2.8035120964050295,"orthographic":false}