{"cameraMode":{"drawMode":0,"name":"Shaded","section":"Shading Mode"},"sceneLighting":true,"audioPlay":false,"sceneViewState":{"showFog":true,"showMaterialUpdate":false,"showSkybox":true,"showFlares":true,"showImageEffects":true,"showParticleSystems":true},"in2DMode":false,"pivot":{"x":843.9891967773438,"y":342.38299560546877,"z":-97.17967224121094},"rotation":{"x":0.02099432423710823,"y":0.0209927037358284,"z":-0.0004410264373291284,"w":0.9995591044425964},"size":415.9471435546875,"orthographic":false}