{"cameraMode":{"drawMode":0,"name":"Shaded","section":"Shading Mode"},"sceneLighting":true,"audioPlay":false,"sceneViewState":{"showFog":true,"showMaterialUpdate":true,"showSkybox":true,"showFlares":true,"showImageEffects":true,"showParticleSystems":true},"in2DMode":false,"pivot":{"x":0.8202650547027588,"y":0.882958173751831,"z":4.950259208679199},"rotation":{"x":0.028749767690896989,"y":0.06233679875731468,"z":-0.0017963420832529665,"w":0.9976394176483154},"size":7.255867958068848,"orthographic":false}