{"cameraMode":{"drawMode":0,"name":"Shaded","section":"Shading Mode"},"sceneLighting":false,"audioPlay":false,"sceneViewState":{"showFog":true,"showMaterialUpdate":false,"showSkybox":true,"showFlares":true,"showImageEffects":true,"showParticleSystems":true},"in2DMode":false,"pivot":{"x":-31.17505645751953,"y":101.71134948730469,"z":126.22189331054688},"rotation":{"x":0.003885299665853381,"y":-0.9882603883743286,"z":0.15058548748493195,"w":0.025503696873784066},"size":-5.542116641998291,"orthographic":false}