{"cameraMode":{"drawMode":0,"name":"Shaded","section":"Shading Mode"},"sceneLighting":true,"audioPlay":false,"sceneViewState":{"showFog":true,"showMaterialUpdate":true,"showSkybox":true,"showFlares":true,"showImageEffects":true,"showParticleSystems":true},"in2DMode":false,"pivot":{"x":0.1417284458875656,"y":0.8992264270782471,"z":2.0347423553466799},"rotation":{"x":0.043773241341114047,"y":0.03236410394310951,"z":-0.001418899861164391,"w":0.9985161423683167},"size":2.1434128284454347,"orthographic":false}