{"cameraMode":{"drawMode":0,"name":"Shaded","section":"Shading Mode"},"sceneLighting":false,"audioPlay":false,"sceneViewState":{"showFog":true,"showMaterialUpdate":false,"showSkybox":true,"showFlares":true,"showImageEffects":true,"showParticleSystems":true},"in2DMode":false,"pivot":{"x":-33.286781311035159,"y":100.18534851074219,"z":111.79994201660156},"rotation":{"x":0.003885299665853381,"y":-0.9882603883743286,"z":0.15058548748493195,"w":0.025503696873784066},"size":2.8578836917877199,"orthographic":false}