{"cameraMode":{"drawMode":0,"name":"Shaded","section":"Shading Mode"},"sceneLighting":false,"audioPlay":false,"sceneViewState":{"showFog":true,"showMaterialUpdate":true,"showSkybox":true,"showFlares":true,"showImageEffects":true,"showParticleSystems":true},"in2DMode":false,"pivot":{"x":1.4150009155273438,"y":-0.030000686645507814,"z":247.7740020751953},"rotation":{"x":0.24775826930999757,"y":-0.03137967735528946,"z":0.00802941620349884,"w":0.9682803153991699},"size":424.6440734863281,"orthographic":false}