{"cameraMode":{"drawMode":0,"name":"Shaded","section":"Shading Mode"},"sceneLighting":true,"audioPlay":false,"sceneViewState":{"showFog":true,"showMaterialUpdate":false,"showSkybox":true,"showFlares":true,"showImageEffects":true,"showParticleSystems":true},"in2DMode":false,"pivot":{"x":-0.24518457055091859,"y":0.714893102645874,"z":1.973170518875122},"rotation":{"x":0.008980488404631615,"y":-0.06595058739185333,"z":0.0005935245426371694,"w":0.997782289981842},"size":2.1434128284454347,"orthographic":false}