{"cameraMode":{"drawMode":0,"name":"Shaded","section":"Shading Mode"},"sceneLighting":false,"audioPlay":false,"sceneViewState":{"showFog":true,"showMaterialUpdate":false,"showSkybox":true,"showFlares":true,"showImageEffects":true,"showParticleSystems":true},"in2DMode":false,"pivot":{"x":1.706202745437622,"y":0.5635900497436523,"z":98.06719207763672},"rotation":{"x":0.16352233290672303,"y":0.14971990883350373,"z":-0.02511569671332836,"w":0.974789023399353},"size":5.689453125,"orthographic":false}