{"cameraMode":{"drawMode":0,"name":"Shaded","section":"Shading Mode"},"sceneLighting":false,"audioPlay":false,"sceneViewState":{"showFog":true,"showMaterialUpdate":false,"showSkybox":true,"showFlares":true,"showImageEffects":true,"showParticleSystems":true},"in2DMode":false,"pivot":{"x":-0.29224497079849245,"y":1.0854002237319947,"z":151.6470947265625},"rotation":{"x":0.00191332190297544,"y":-0.9978660941123962,"z":0.05543898791074753,"w":0.03444146737456322},"size":1.5082402229309083,"orthographic":false}