{"cameraMode":{"drawMode":0,"name":"Shaded","section":"Shading Mode"},"sceneLighting":false,"audioPlay":false,"sceneViewState":{"showFog":true,"showMaterialUpdate":false,"showSkybox":true,"showFlares":true,"showImageEffects":true,"showParticleSystems":true},"in2DMode":false,"pivot":{"x":-2.598097801208496,"y":3.8161821365356447,"z":145.84512329101563},"rotation":{"x":0.016662172973155977,"y":-0.6717498302459717,"z":-0.01511670183390379,"w":-0.7404364347457886},"size":12.32295036315918,"orthographic":false}