{"cameraMode":{"drawMode":0,"name":"Shaded","section":"Shading Mode"},"sceneLighting":true,"audioPlay":false,"sceneViewState":{"showFog":true,"showMaterialUpdate":true,"showSkybox":true,"showFlares":true,"showImageEffects":true,"showParticleSystems":true},"in2DMode":false,"pivot":{"x":611.46337890625,"y":312.92388916015627,"z":11.723282814025879},"rotation":{"x":0.10799293220043183,"y":-0.043824452906847,"z":0.0047653187066316608,"w":0.9931738376617432},"size":672.1536865234375,"orthographic":false}