{"cameraMode":{"drawMode":0,"name":"Shaded","section":"Shading Mode"},"sceneLighting":true,"audioPlay":false,"sceneViewState":{"showFog":true,"showMaterialUpdate":true,"showSkybox":true,"showFlares":true,"showImageEffects":true,"showParticleSystems":true},"in2DMode":false,"pivot":{"x":0.19344356656074525,"y":1.9636633396148682,"z":1.6770750284194947},"rotation":{"x":-0.11819293349981308,"y":0.0223403237760067,"z":0.0026597902178764345,"w":0.992735743522644},"size":5.74341344833374,"orthographic":false}