{"cameraMode":{"drawMode":0,"name":"Shaded","section":"Shading Mode"},"sceneLighting":false,"audioPlay":false,"sceneViewState":{"showFog":true,"showMaterialUpdate":false,"showSkybox":true,"showFlares":true,"showImageEffects":true,"showParticleSystems":true},"in2DMode":false,"pivot":{"x":0.9654264450073242,"y":2.3521811962127687,"z":-51.621971130371097},"rotation":{"x":0.011955501511693,"y":-0.08539007604122162,"z":-0.0010246916208416224,"w":-0.9962753653526306},"size":3.88423228263855,"orthographic":false}