{"cameraMode":{"drawMode":0,"name":"Shaded","section":"Shading Mode"},"sceneLighting":false,"audioPlay":false,"sceneViewState":{"showFog":true,"showMaterialUpdate":false,"showSkybox":true,"showFlares":true,"showImageEffects":true,"showParticleSystems":true},"in2DMode":false,"pivot":{"x":-31.700000762939454,"y":99.81999969482422,"z":107.4000015258789},"rotation":{"x":-0.06857993453741074,"y":0.04727353900671005,"z":-0.003254154697060585,"w":-0.9965196847915649},"size":2.8578836917877199,"orthographic":false}