{"cameraMode":{"drawMode":0,"name":"Shaded","section":"Shading Mode"},"sceneLighting":true,"audioPlay":false,"sceneViewState":{"showFog":true,"showMaterialUpdate":true,"showSkybox":true,"showFlares":true,"showImageEffects":true,"showParticleSystems":true},"in2DMode":false,"pivot":{"x":1165.4483642578125,"y":440.9760437011719,"z":573.5272216796875},"rotation":{"x":0.02099432423710823,"y":0.0209927037358284,"z":-0.0004410264373291284,"w":0.9995591044425964},"size":929.2886962890625,"orthographic":false}