{"cameraMode":{"drawMode":0,"name":"Shaded","section":"Shading Mode"},"sceneLighting":true,"audioPlay":false,"sceneViewState":{"showFog":true,"showMaterialUpdate":false,"showSkybox":true,"showFlares":true,"showImageEffects":true,"showParticleSystems":true},"in2DMode":false,"pivot":{"x":0.0,"y":0.22182083129882813,"z":6.659999370574951},"rotation":{"x":-0.20668520033359528,"y":0.01555922906845808,"z":-0.003288325620815158,"w":-0.9782782196998596},"size":71.9786605834961,"orthographic":false}