{"cameraMode":{"drawMode":0,"name":"Shaded","section":"Shading Mode"},"sceneLighting":true,"audioPlay":false,"sceneViewState":{"showFog":true,"showMaterialUpdate":true,"showSkybox":true,"showFlares":true,"showImageEffects":true,"showParticleSystems":true},"in2DMode":false,"pivot":{"x":-4.4461669921875,"y":2.363645076751709,"z":-2.1206536293029787},"rotation":{"x":-0.02209152653813362,"y":-0.7365914583206177,"z":-0.024087952449917795,"w":0.67554771900177},"size":14.674050331115723,"orthographic":false}