{"cameraMode":{"drawMode":0,"name":"Shaded","section":"Shading Mode"},"sceneLighting":true,"audioPlay":false,"sceneViewState":{"showFog":true,"showMaterialUpdate":false,"showSkybox":true,"showFlares":true,"showImageEffects":true,"showParticleSystems":true},"in2DMode":false,"pivot":{"x":0.2905025780200958,"y":1.6063305139541627,"z":0.45755696296691897},"rotation":{"x":-0.00013944249076303095,"y":0.9998443126678467,"z":0.014998781494796276,"w":0.009295142255723477},"size":7.6587395668029789,"orthographic":false}