{"cameraMode":{"drawMode":0,"name":"Shaded","section":"Shading Mode"},"sceneLighting":true,"audioPlay":false,"sceneViewState":{"showFog":true,"showMaterialUpdate":true,"showSkybox":true,"showFlares":true,"showImageEffects":true,"showParticleSystems":true},"in2DMode":false,"pivot":{"x":663.9254150390625,"y":246.1493377685547,"z":3.239388942718506},"rotation":{"x":0.014999928884208203,"y":-0.0015009110793471337,"z":0.000022411968529922888,"w":0.9998863935470581},"size":682.1304931640625,"orthographic":false}