{"cameraMode":{"drawMode":0,"name":"Shaded","section":"Shading Mode"},"sceneLighting":false,"audioPlay":false,"sceneViewState":{"showFog":true,"showMaterialUpdate":false,"showSkybox":true,"showFlares":true,"showImageEffects":true,"showParticleSystems":true},"in2DMode":false,"pivot":{"x":-33.27178955078125,"y":100.13126373291016,"z":111.12875366210938},"rotation":{"x":0.017179513350129129,"y":-0.9821386337280273,"z":0.14965268969535829,"w":0.11275077611207962},"size":82.64839172363281,"orthographic":false}